{
  "build": {
    "core": "stm32",
    "cpu": "cortex-m3",
    "extra_flags": "-DSTM32F207xx",
    "f_cpu": "120000000L",
    "mcu": "stm32f207vct6",
    "product_line": "wrongLineForLocal_S"
  },
  "connectivity": [
    "can",
    "ethernet"
  ],
  "debug": {
    "default_tools": [
      "cmsis-dap"
    ],
    "jlink_device": "STM32F207VC",
    "onboard_tools": [
      "cmsis-dap"
    ],
    "openocd_target": "stm32f2x",
    "svd_path": "STM32F20x.svd"
  },
  "frameworks": [
    "arduino",
    "cmsis",
    "mbed",
    "stm32cube"
  ],
  "name": "STM32F207VC (96k RAM. 256k - 32K Flash)",
  "upload": {
    "offset_address": "0x8008000",
    "maximum_ram_size": 98304,
    "maximum_size": 229376,
    "protocol": "cmsis-dap",
    "protocols": [
      "jlink",
      "stlink",
      "blackmagic",
      "mbed",
      "cmsis-dap"
    ]
  },
  "url": "https://www.st.com/content/st_com/en/products/microcontrollers-microprocessors/stm32-32-bit-arm-cortex-mcus/stm32-high-performance-mcus/stm32f2-series/stm32f2x5.html",
  "vendor": "ST"
}
