{
  "build": {
    "core": "stm32",
    "cpu": "cortex-m3",
    "extra_flags": "-DSTM32F107xC",
    "f_cpu": "72000000L",
    "hwids": [
      [
        "0x1EAF",
        "0x0003"
      ],
      [
        "0x1EAF",
        "0x0004"
      ]
    ],
    "mcu": "stm32f107vct6",
    "product_line": "wrongLineForLocal_S"
  },
  "debug": {
    "jlink_device": "STM32F107VC",
    "openocd_target": "stm32f1x",
    "svd_path": "STM32F107xx.svd"
  },
  "frameworks": [
    "arduino",
    "libopencm3",
    "cmsis",
    "stm32cube"
  ],
  "name": "STM32F107VC (64k RAM. 256k Flash)",
  "upload": {
    "disable_flushing": false,
    "maximum_ram_size": 65536,
    "maximum_size": 262144,
    "protocol": "cmsis-dap",
    "protocols": [
      "cmsis-dap",
      "jlink",
      "stlink",
      "blackmagic",
      "serial"
    ],
    "require_upload_port": true,
    "use_1200bps_touch": false,
    "wait_for_upload_port": false
  },
  "url": "https://www.st.com/en/microcontrollers-microprocessors/stm32f105-107.html",
  "vendor": "Generic"
}
