{
  "build": {
    "core": "stm32",
    "cpu": "cortex-m3",
    "extra_flags": "-DSTM32F103xE",
    "f_cpu": "72000000L",
    "hwids": [
      [
        "0x1EAF",
        "0x0003"
      ],
      [
        "0x1EAF",
        "0x0004"
      ]
    ],
    "mcu": "stm32f103vct6",
    "product_line": "wrongLineForLocal_S"
  },
  "debug": {
    "jlink_device": "STM32F103VC",
    "openocd_target": "stm32f1x",
    "svd_path": "STM32F103xx.svd"
  },
  "frameworks": [
    "arduino",
    "libopencm3",
    "cmsis",
    "stm32cube"
  ],
  "name": "STM32F103VC (48k RAM. 256k - 12K Flash)",
  "upload": {
    "disable_flushing": false,
    "offset_address": "0x8003000",
    "maximum_ram_size": 49152,
    "maximum_size": 249856,
    "protocol": "cmsis-dap",
    "protocols": [
      "cmsis-dap",
      "jlink",
      "stlink",
      "blackmagic",
      "serial"
    ],
    "require_upload_port": true,
    "use_1200bps_touch": false,
    "wait_for_upload_port": false
  },
  "url": "https://www.st.com/en/microcontrollers-microprocessors/stm32f103.html",
  "vendor": "Generic"
}
